regime,accuracy,seed,eat_rate,gap_sd,mean_gap,mean_trigger,pct_very_full,pct_starving,pct_comfortable,mean_reward,mean_entropy,trigger_dist
asymmetric,0.95,0,0.34444444444444444,0.7895146188218007,2.9,1.8387096774193548,0.2777777777777778,0.011111111111111112,0.6777777777777778,-0.5055555555555555,0.12452794838140661,"{""Starving"": 0.03225806451612903, ""Very Hungry"": 0.0967741935483871, ""Neutral"": 0.8709677419354839, ""Full"": 0.0, ""Very Full"": 0.0}"
asymmetric,0.95,1,0.36666666666666664,0.9013878188659973,2.75,1.7878787878787878,0.2777777777777778,0.0,0.6333333333333333,-0.55,0.1545443117552817,"{""Starving"": 0.0, ""Very Hungry"": 0.2727272727272727, ""Neutral"": 0.6666666666666666, ""Full"": 0.06060606060606061, ""Very Full"": 0.0}"
asymmetric,0.95,2,0.3333333333333333,0.9070997543424762,2.9310344827586206,1.7666666666666666,0.3,0.011111111111111112,0.6222222222222222,-0.5555555555555556,0.1508577755487032,"{""Starving"": 0.03333333333333333, ""Very Hungry"": 0.2, ""Neutral"": 0.7333333333333333, ""Full"": 0.03333333333333333, ""Very Full"": 0.0}"
asymmetric,0.95,3,0.34444444444444444,0.8306623862918076,2.9,1.8064516129032258,0.3,0.011111111111111112,0.6444444444444445,-0.5388888888888889,0.1373237450448311,"{""Starving"": 0.03225806451612903, ""Very Hungry"": 0.12903225806451613, ""Neutral"": 0.8387096774193549, ""Full"": 0.0, ""Very Full"": 0.0}"
asymmetric,0.95,4,0.3333333333333333,0.7848142535683477,2.9310344827586206,1.8333333333333333,0.28888888888888886,0.011111111111111112,0.6666666666666666,-0.5111111111111111,0.12563407049837497,"{""Starving"": 0.03333333333333333, ""Very Hungry"": 0.1, ""Neutral"": 0.8666666666666667, ""Full"": 0.0, ""Very Full"": 0.0}"
asymmetric,0.95,5,0.36666666666666664,0.8379429798619952,2.71875,1.8181818181818181,0.3111111111111111,0.011111111111111112,0.6333333333333333,-0.5611111111111111,0.14135239929644713,"{""Starving"": 0.030303030303030304, ""Very Hungry"": 0.12121212121212122, ""Neutral"": 0.8484848484848485, ""Full"": 0.0, ""Very Full"": 0.0}"
asymmetric,0.95,6,0.34444444444444444,0.6289320754704403,2.933333333333333,1.8709677419354838,0.3333333333333333,0.0,0.6111111111111112,-0.5611111111111111,0.1139401624774891,"{""Starving"": 0.0, ""Very Hungry"": 0.16129032258064516, ""Neutral"": 0.8064516129032258, ""Full"": 0.03225806451612903, ""Very Full"": 0.0}"
asymmetric,0.95,7,0.34444444444444444,0.9073771725877467,2.9,1.6129032258064515,0.24444444444444444,0.011111111111111112,0.6222222222222222,-0.5611111111111111,0.13852107346830042,"{""Starving"": 0.03225806451612903, ""Very Hungry"": 0.3225806451612903, ""Neutral"": 0.6451612903225806, ""Full"": 0.0, ""Very Full"": 0.0}"
asymmetric,0.95,8,0.3111111111111111,0.9938079899999065,3.2222222222222223,1.9285714285714286,0.28888888888888886,0.0,0.6777777777777778,-0.4777777777777778,0.1314040785074593,"{""Starving"": 0.0, ""Very Hungry"": 0.10714285714285714, ""Neutral"": 0.8571428571428571, ""Full"": 0.03571428571428571, ""Very Full"": 0.0}"
asymmetric,0.95,9,0.34444444444444444,1.2512216252748973,2.966666666666667,2.0,0.3111111111111111,0.0,0.6666666666666666,-0.5055555555555555,0.1593665048265708,"{""Starving"": 0.0, ""Very Hungry"": 0.06451612903225806, ""Neutral"": 0.8709677419354839, ""Full"": 0.06451612903225806, ""Very Full"": 0.0}"
asymmetric,0.95,10,0.3333333333333333,0.850264000409514,2.9655172413793105,1.9,0.3,0.0,0.6555555555555556,-0.5111111111111111,0.15075072759525818,"{""Starving"": 0.0, ""Very Hungry"": 0.13333333333333333, ""Neutral"": 0.8333333333333334, ""Full"": 0.03333333333333333, ""Very Full"": 0.0}"
asymmetric,0.95,11,0.32222222222222224,0.8652886742561227,3.0357142857142856,1.9310344827586208,0.36666666666666664,0.0,0.6111111111111112,-0.55,0.13990884358924288,"{""Starving"": 0.0, ""Very Hungry"": 0.06896551724137931, ""Neutral"": 0.9310344827586207, ""Full"": 0.0, ""Very Full"": 0.0}"
asymmetric,0.95,12,0.32222222222222224,0.8652886742561227,3.0357142857142856,1.8620689655172413,0.3333333333333333,0.0,0.6222222222222222,-0.5388888888888889,0.13560490600567401,"{""Starving"": 0.0, ""Very Hungry"": 0.13793103448275862, ""Neutral"": 0.8620689655172413, ""Full"": 0.0, ""Very Full"": 0.0}"
asymmetric,0.95,13,0.35555555555555557,0.8583312706871014,2.806451612903226,1.84375,0.3,0.0,0.6333333333333333,-0.5444444444444444,0.15142918736991925,"{""Starving"": 0.0, ""Very Hungry"": 0.1875, ""Neutral"": 0.78125, ""Full"": 0.03125, ""Very Full"": 0.0}"
asymmetric,0.95,14,0.4,0.7317856271351828,2.5142857142857142,1.8888888888888888,0.3,0.0,0.6444444444444445,-0.5555555555555556,0.13946408399052085,"{""Starving"": 0.0, ""Very Hungry"": 0.1388888888888889, ""Neutral"": 0.8333333333333334, ""Full"": 0.027777777777777776, ""Very Full"": 0.0}"
asymmetric,0.95,15,0.35555555555555557,0.7509965630208268,2.870967741935484,1.96875,0.3,0.0,0.6555555555555556,-0.5222222222222223,0.14086877162041772,"{""Starving"": 0.0, ""Very Hungry"": 0.125, ""Neutral"": 0.78125, ""Full"": 0.09375, ""Very Full"": 0.0}"
asymmetric,0.95,16,0.37777777777777777,1.0866921864873398,2.696969696969697,1.6470588235294117,0.26666666666666666,0.011111111111111112,0.6111111111111112,-0.5888888888888889,0.17665487948468184,"{""Starving"": 0.029411764705882353, ""Very Hungry"": 0.29411764705882354, ""Neutral"": 0.6764705882352942, ""Full"": 0.0, ""Very Full"": 0.0}"
asymmetric,0.95,17,0.37777777777777777,0.7654139963827327,2.6666666666666665,1.7941176470588236,0.26666666666666666,0.0,0.6444444444444445,-0.5444444444444444,0.143031378471566,"{""Starving"": 0.0, ""Very Hungry"": 0.23529411764705882, ""Neutral"": 0.7352941176470589, ""Full"": 0.029411764705882353, ""Very Full"": 0.0}"
asymmetric,0.95,18,0.3111111111111111,0.982703641586785,3.185185185185185,1.8928571428571428,0.32222222222222224,0.0,0.6222222222222222,-0.5333333333333333,0.1462424487258434,"{""Starving"": 0.0, ""Very Hungry"": 0.17857142857142858, ""Neutral"": 0.75, ""Full"": 0.07142857142857142, ""Very Full"": 0.0}"
asymmetric,0.95,19,0.36666666666666664,0.8816709987291178,2.6875,1.8181818181818181,0.3,0.0,0.6333333333333333,-0.55,0.1520254609762879,"{""Starving"": 0.0, ""Very Hungry"": 0.18181818181818182, ""Neutral"": 0.8181818181818182, ""Full"": 0.0, ""Very Full"": 0.0}"
asymmetric,0.95,20,0.37777777777777777,0.7971482689676306,2.696969696969697,1.8235294117647058,0.2777777777777778,0.0,0.6555555555555556,-0.5333333333333333,0.1562983887277731,"{""Starving"": 0.0, ""Very Hungry"": 0.17647058823529413, ""Neutral"": 0.8235294117647058, ""Full"": 0.0, ""Very Full"": 0.0}"
asymmetric,0.95,21,0.35555555555555557,0.8070965163352776,2.838709677419355,1.78125,0.24444444444444444,0.0,0.6777777777777778,-0.5,0.14920366692182083,"{""Starving"": 0.0, ""Very Hungry"": 0.21875, ""Neutral"": 0.78125, ""Full"": 0.0, ""Very Full"": 0.0}"
asymmetric,0.95,22,0.32222222222222224,0.8593721011082833,3.107142857142857,1.8275862068965518,0.26666666666666666,0.0,0.6777777777777778,-0.48333333333333334,0.12461852219066501,"{""Starving"": 0.0, ""Very Hungry"": 0.1724137931034483, ""Neutral"": 0.8275862068965517, ""Full"": 0.0, ""Very Full"": 0.0}"
asymmetric,0.95,23,0.3888888888888889,0.7759356446042894,2.5294117647058822,1.9428571428571428,0.25555555555555554,0.0,0.7,-0.49444444444444446,0.15201818526877697,"{""Starving"": 0.0, ""Very Hungry"": 0.11428571428571428, ""Neutral"": 0.8285714285714286, ""Full"": 0.05714285714285714, ""Very Full"": 0.0}"
asymmetric,0.95,24,0.3111111111111111,0.9742923287382153,3.2962962962962963,1.8928571428571428,0.3111111111111111,0.0,0.6333333333333333,-0.5222222222222223,0.1446001101660673,"{""Starving"": 0.0, ""Very Hungry"": 0.17857142857142858, ""Neutral"": 0.75, ""Full"": 0.07142857142857142, ""Very Full"": 0.0}"
asymmetric,0.95,25,0.37777777777777777,0.7581815759513215,2.696969696969697,1.7352941176470589,0.3111111111111111,0.0,0.5888888888888889,-0.6,0.14295553397270383,"{""Starving"": 0.0, ""Very Hungry"": 0.2647058823529412, ""Neutral"": 0.7352941176470589, ""Full"": 0.0, ""Very Full"": 0.0}"
asymmetric,0.95,26,0.36666666666666664,0.7071067811865476,2.75,1.7878787878787878,0.24444444444444444,0.011111111111111112,0.6777777777777778,-0.5166666666666667,0.1366758201710963,"{""Starving"": 0.030303030303030304, ""Very Hungry"": 0.18181818181818182, ""Neutral"": 0.7575757575757576, ""Full"": 0.030303030303030304, ""Very Full"": 0.0}"
asymmetric,0.95,27,0.37777777777777777,0.5938156952201644,2.6363636363636362,1.8235294117647058,0.25555555555555554,0.0,0.6666666666666666,-0.5222222222222223,0.11768535807698659,"{""Starving"": 0.0, ""Very Hungry"": 0.20588235294117646, ""Neutral"": 0.7647058823529411, ""Full"": 0.029411764705882353, ""Very Full"": 0.0}"
asymmetric,0.95,28,0.36666666666666664,0.7173900177030623,2.71875,1.7575757575757576,0.28888888888888886,0.0,0.6222222222222222,-0.5611111111111111,0.13350944639837214,"{""Starving"": 0.0, ""Very Hungry"": 0.24242424242424243, ""Neutral"": 0.7575757575757576, ""Full"": 0.0, ""Very Full"": 0.0}"
asymmetric,0.95,29,0.3333333333333333,0.909717652294684,3.0,1.7,0.28888888888888886,0.0,0.6111111111111112,-0.5555555555555556,0.15078750835317553,"{""Starving"": 0.0, ""Very Hungry"": 0.3, ""Neutral"": 0.7, ""Full"": 0.0, ""Very Full"": 0.0}"
asymmetric,0.8,0,0.34444444444444444,0.9285592184789413,2.933333333333333,1.7741935483870968,0.2777777777777778,0.011111111111111112,0.6222222222222222,-0.5611111111111111,0.39462167996622133,"{""Starving"": 0.03225806451612903, ""Very Hungry"": 0.25806451612903225, ""Neutral"": 0.6129032258064516, ""Full"": 0.0967741935483871, ""Very Full"": 0.0}"
asymmetric,0.8,1,0.3333333333333333,0.8709883407113854,3.0,1.9,0.3,0.0,0.6222222222222222,-0.5444444444444444,0.3930425106106392,"{""Starving"": 0.0, ""Very Hungry"": 0.23333333333333334, ""Neutral"": 0.6333333333333333, ""Full"": 0.13333333333333333, ""Very Full"": 0.0}"
asymmetric,0.8,2,0.37777777777777777,0.8040302522073697,2.6666666666666665,1.7058823529411764,0.2777777777777778,0.0,0.5888888888888889,-0.6,0.412411144369753,"{""Starving"": 0.0, ""Very Hungry"": 0.35294117647058826, ""Neutral"": 0.5882352941176471, ""Full"": 0.058823529411764705, ""Very Full"": 0.0}"
asymmetric,0.8,3,0.3333333333333333,1.066181023016573,2.9655172413793105,1.7666666666666666,0.2222222222222222,0.0,0.6777777777777778,-0.4888888888888889,0.4470905798144419,"{""Starving"": 0.0, ""Very Hungry"": 0.3, ""Neutral"": 0.6333333333333333, ""Full"": 0.06666666666666667, ""Very Full"": 0.0}"
asymmetric,0.8,4,0.32222222222222224,0.9813308331452918,3.0357142857142856,1.8275862068965518,0.2777777777777778,0.0,0.6333333333333333,-0.5277777777777778,0.3946353730026287,"{""Starving"": 0.0, ""Very Hungry"": 0.2413793103448276, ""Neutral"": 0.6896551724137931, ""Full"": 0.06896551724137931, ""Very Full"": 0.0}"
asymmetric,0.8,5,0.34444444444444444,0.8306623862918076,2.9,1.7741935483870968,0.28888888888888886,0.022222222222222223,0.6444444444444445,-0.55,0.3787914607627479,"{""Starving"": 0.06451612903225806, ""Very Hungry"": 0.16129032258064516, ""Neutral"": 0.7096774193548387, ""Full"": 0.06451612903225806, ""Very Full"": 0.0}"
asymmetric,0.8,6,0.3333333333333333,0.7427813527082074,3.0,1.8666666666666667,0.36666666666666664,0.011111111111111112,0.5666666666666667,-0.6111111111111112,0.35750597579160387,"{""Starving"": 0.03333333333333333, ""Very Hungry"": 0.16666666666666666, ""Neutral"": 0.7, ""Full"": 0.1, ""Very Full"": 0.0}"
asymmetric,0.8,7,0.4111111111111111,0.7216878364870323,2.4166666666666665,1.7027027027027026,0.25555555555555554,0.011111111111111112,0.6,-0.6166666666666667,0.4213261538575373,"{""Starving"": 0.02702702702702703, ""Very Hungry"": 0.32432432432432434, ""Neutral"": 0.5675675675675675, ""Full"": 0.08108108108108109, ""Very Full"": 0.0}"
asymmetric,0.8,8,0.32222222222222224,1.0170736332784387,3.0357142857142856,1.6896551724137931,0.3,0.022222222222222223,0.6222222222222222,-0.5611111111111111,0.4056378329086357,"{""Starving"": 0.06896551724137931, ""Very Hungry"": 0.1724137931034483, ""Neutral"": 0.7586206896551724, ""Full"": 0.0, ""Very Full"": 0.0}"
asymmetric,0.8,9,0.35555555555555557,0.8324830903589636,2.870967741935484,1.71875,0.26666666666666666,0.0,0.6222222222222222,-0.5555555555555556,0.36990767259050555,"{""Starving"": 0.0, ""Very Hungry"": 0.3125, ""Neutral"": 0.65625, ""Full"": 0.03125, ""Very Full"": 0.0}"
asymmetric,0.8,10,0.3333333333333333,0.9070997543424762,3.0689655172413794,1.7333333333333334,0.28888888888888886,0.011111111111111112,0.6333333333333333,-0.5444444444444444,0.41555132259263916,"{""Starving"": 0.06666666666666667, ""Very Hungry"": 0.2, ""Neutral"": 0.6666666666666666, ""Full"": 0.06666666666666667, ""Very Full"": 0.0}"
asymmetric,0.8,11,0.35555555555555557,1.0502464900709487,2.838709677419355,1.84375,0.28888888888888886,0.011111111111111112,0.6333333333333333,-0.5555555555555556,0.4031940224085784,"{""Starving"": 0.03125, ""Very Hungry"": 0.1875, ""Neutral"": 0.6875, ""Full"": 0.09375, ""Very Full"": 0.0}"
asymmetric,0.8,12,0.34444444444444444,0.9073771725877467,2.9,1.7096774193548387,0.25555555555555554,0.011111111111111112,0.6333333333333333,-0.55,0.41479477459772207,"{""Starving"": 0.03225806451612903, ""Very Hungry"": 0.2903225806451613, ""Neutral"": 0.6129032258064516, ""Full"": 0.06451612903225806, ""Very Full"": 0.0}"
asymmetric,0.8,13,0.36666666666666664,0.8379429798619952,2.71875,1.606060606060606,0.25555555555555554,0.022222222222222223,0.5888888888888889,-0.6166666666666667,0.44042276480889886,"{""Starving"": 0.06060606060606061, ""Very Hungry"": 0.36363636363636365, ""Neutral"": 0.48484848484848486, ""Full"": 0.09090909090909091, ""Very Full"": 0.0}"
asymmetric,0.8,14,0.37777777777777777,0.9369469596206246,2.696969696969697,1.7647058823529411,0.26666666666666666,0.0,0.6222222222222222,-0.5666666666666667,0.38194665078557066,"{""Starving"": 0.0, ""Very Hungry"": 0.29411764705882354, ""Neutral"": 0.6470588235294118, ""Full"": 0.058823529411764705, ""Very Full"": 0.0}"
asymmetric,0.8,15,0.37777777777777777,0.6269139656235515,2.696969696969697,2.0,0.25555555555555554,0.0,0.6888888888888889,-0.5,0.39145775076104355,"{""Starving"": 0.0, ""Very Hungry"": 0.14705882352941177, ""Neutral"": 0.7058823529411765, ""Full"": 0.14705882352941177, ""Very Full"": 0.0}"
asymmetric,0.8,16,0.3333333333333333,0.8845348509228042,2.896551724137931,1.9333333333333333,0.28888888888888886,0.0,0.6555555555555556,-0.5111111111111111,0.3886531844204228,"{""Starving"": 0.0, ""Very Hungry"": 0.16666666666666666, ""Neutral"": 0.7333333333333333, ""Full"": 0.1, ""Very Full"": 0.0}"
asymmetric,0.8,17,0.35555555555555557,0.8461210999099356,2.838709677419355,1.5625,0.3111111111111111,0.022222222222222223,0.5444444444444444,-0.6555555555555556,0.4068286213392303,"{""Starving"": 0.0625, ""Very Hungry"": 0.34375, ""Neutral"": 0.5625, ""Full"": 0.03125, ""Very Full"": 0.0}"
asymmetric,0.8,18,0.36666666666666664,0.7799989983967928,2.78125,1.8484848484848484,0.28888888888888886,0.0,0.6222222222222222,-0.5611111111111111,0.34650371693522347,"{""Starving"": 0.0, ""Very Hungry"": 0.24242424242424243, ""Neutral"": 0.6666666666666666, ""Full"": 0.09090909090909091, ""Very Full"": 0.0}"
asymmetric,0.8,19,0.4,0.8407965125464093,2.5142857142857142,1.7777777777777777,0.2111111111111111,0.011111111111111112,0.6555555555555556,-0.5555555555555556,0.44513861433354646,"{""Starving"": 0.027777777777777776, ""Very Hungry"": 0.3055555555555556, ""Neutral"": 0.5277777777777778, ""Full"": 0.1388888888888889, ""Very Full"": 0.0}"
asymmetric,0.8,20,0.3111111111111111,1.3698697784375502,3.2222222222222223,1.75,0.24444444444444444,0.011111111111111112,0.6555555555555556,-0.5111111111111111,0.38714125401262284,"{""Starving"": 0.03571428571428571, ""Very Hungry"": 0.25, ""Neutral"": 0.6428571428571429, ""Full"": 0.07142857142857142, ""Very Full"": 0.0}"
asymmetric,0.8,21,0.3333333333333333,1.2317635241028795,3.0,1.8333333333333333,0.3,0.0,0.6222222222222222,-0.5444444444444444,0.4035910422984496,"{""Starving"": 0.0, ""Very Hungry"": 0.23333333333333334, ""Neutral"": 0.7, ""Full"": 0.06666666666666667, ""Very Full"": 0.0}"
asymmetric,0.8,22,0.36666666666666664,0.7905694150420949,2.75,1.7878787878787878,0.2777777777777778,0.0,0.6222222222222222,-0.5611111111111111,0.3568780414279539,"{""Starving"": 0.0, ""Very Hungry"": 0.2727272727272727, ""Neutral"": 0.6666666666666666, ""Full"": 0.06060606060606061, ""Very Full"": 0.0}"
asymmetric,0.8,23,0.37777777777777777,0.8176204583776996,2.5757575757575757,1.7352941176470589,0.25555555555555554,0.011111111111111112,0.6444444444444445,-0.5555555555555556,0.40325816055822505,"{""Starving"": 0.029411764705882353, ""Very Hungry"": 0.23529411764705882, ""Neutral"": 0.7058823529411765, ""Full"": 0.029411764705882353, ""Very Full"": 0.0}"
asymmetric,0.8,24,0.35555555555555557,0.7927874662867423,2.870967741935484,1.875,0.2777777777777778,0.0,0.6333333333333333,-0.5444444444444444,0.37663751514172655,"{""Starving"": 0.0, ""Very Hungry"": 0.25, ""Neutral"": 0.625, ""Full"": 0.125, ""Very Full"": 0.0}"
asymmetric,0.8,25,0.36666666666666664,0.9264979425233496,2.78125,1.6666666666666667,0.2111111111111111,0.03333333333333333,0.6666666666666666,-0.55,0.42126437467847094,"{""Starving"": 0.09090909090909091, ""Very Hungry"": 0.2727272727272727, ""Neutral"": 0.5151515151515151, ""Full"": 0.12121212121212122, ""Very Full"": 0.0}"
asymmetric,0.8,26,0.36666666666666664,0.7905694150420949,2.75,1.7272727272727273,0.26666666666666666,0.0,0.6222222222222222,-0.5611111111111111,0.36342326699601013,"{""Starving"": 0.0, ""Very Hungry"": 0.30303030303030304, ""Neutral"": 0.6666666666666666, ""Full"": 0.030303030303030304, ""Very Full"": 0.0}"
asymmetric,0.8,27,0.36666666666666664,0.7071067811865476,2.75,1.7575757575757576,0.25555555555555554,0.011111111111111112,0.6333333333333333,-0.5611111111111111,0.3622304723958331,"{""Starving"": 0.030303030303030304, ""Very Hungry"": 0.2727272727272727, ""Neutral"": 0.6060606060606061, ""Full"": 0.09090909090909091, ""Very Full"": 0.0}"
asymmetric,0.8,28,0.34444444444444444,0.9213516640723501,2.8666666666666667,1.7096774193548387,0.24444444444444444,0.011111111111111112,0.6555555555555556,-0.5277777777777778,0.3772728035488667,"{""Starving"": 0.03225806451612903, ""Very Hungry"": 0.25806451612903225, ""Neutral"": 0.6774193548387096, ""Full"": 0.03225806451612903, ""Very Full"": 0.0}"
asymmetric,0.8,29,0.34444444444444444,0.8698658900466594,2.9,1.7741935483870968,0.32222222222222224,0.022222222222222223,0.6,-0.5944444444444444,0.36963567841301415,"{""Starving"": 0.06451612903225806, ""Very Hungry"": 0.16129032258064516, ""Neutral"": 0.7096774193548387, ""Full"": 0.06451612903225806, ""Very Full"": 0.0}"
asymmetric,0.6,0,0.35555555555555557,0.9055270224269807,2.774193548387097,2.0,0.32222222222222224,0.0,0.5777777777777777,-0.6,0.583637300085355,"{""Starving"": 0.0, ""Very Hungry"": 0.28125, ""Neutral"": 0.4375, ""Full"": 0.28125, ""Very Full"": 0.0}"
asymmetric,0.6,1,0.34444444444444444,0.6798692684790381,2.933333333333333,1.903225806451613,0.24444444444444444,0.0,0.6666666666666666,-0.5055555555555555,0.5923595215689349,"{""Starving"": 0.0, ""Very Hungry"": 0.25806451612903225, ""Neutral"": 0.5806451612903226, ""Full"": 0.16129032258064516, ""Very Full"": 0.0}"
asymmetric,0.6,2,0.37777777777777777,0.8342969635112851,2.696969696969697,1.6470588235294117,0.3111111111111111,0.03333333333333333,0.5666666666666667,-0.6555555555555556,0.5709603386755567,"{""Starving"": 0.08823529411764706, ""Very Hungry"": 0.20588235294117646, ""Neutral"": 0.6764705882352942, ""Full"": 0.029411764705882353, ""Very Full"": 0.0}"
asymmetric,0.6,3,0.3333333333333333,0.7878385971583354,3.0,1.8666666666666667,0.36666666666666664,0.0,0.5555555555555556,-0.6111111111111112,0.5485714025208739,"{""Starving"": 0.0, ""Very Hungry"": 0.23333333333333334, ""Neutral"": 0.6666666666666666, ""Full"": 0.1, ""Very Full"": 0.0}"
asymmetric,0.6,4,0.36666666666666664,0.8379429798619952,2.71875,1.7878787878787878,0.26666666666666666,0.022222222222222223,0.6444444444444445,-0.5611111111111111,0.5939258238373532,"{""Starving"": 0.06060606060606061, ""Very Hungry"": 0.21212121212121213, ""Neutral"": 0.6060606060606061, ""Full"": 0.12121212121212122, ""Very Full"": 0.0}"
asymmetric,0.6,5,0.36666666666666664,0.7173900177030623,2.71875,1.8181818181818181,0.26666666666666666,0.011111111111111112,0.6111111111111112,-0.5833333333333334,0.5816598214942226,"{""Starving"": 0.030303030303030304, ""Very Hungry"": 0.30303030303030304, ""Neutral"": 0.48484848484848486, ""Full"": 0.18181818181818182, ""Very Full"": 0.0}"
asymmetric,0.6,6,0.34444444444444444,0.7461009761866464,2.9,2.0,0.32222222222222224,0.011111111111111112,0.6444444444444445,-0.5388888888888889,0.5677554819400323,"{""Starving"": 0.03225806451612903, ""Very Hungry"": 0.0967741935483871, ""Neutral"": 0.7096774193548387, ""Full"": 0.16129032258064516, ""Very Full"": 0.0}"
asymmetric,0.6,7,0.35555555555555557,0.8312321759177501,2.774193548387097,1.84375,0.2777777777777778,0.011111111111111112,0.6333333333333333,-0.5555555555555556,0.5678175469551827,"{""Starving"": 0.03125, ""Very Hungry"": 0.21875, ""Neutral"": 0.625, ""Full"": 0.125, ""Very Full"": 0.0}"
asymmetric,0.6,8,0.34444444444444444,0.7000000000000001,2.9,1.6129032258064515,0.2777777777777778,0.011111111111111112,0.5777777777777777,-0.6055555555555555,0.5935102157936942,"{""Starving"": 0.03225806451612903, ""Very Hungry"": 0.3870967741935484, ""Neutral"": 0.5161290322580645, ""Full"": 0.06451612903225806, ""Very Full"": 0.0}"
asymmetric,0.6,9,0.36666666666666664,0.6343057228182637,2.6875,2.0,0.3,0.0,0.6444444444444445,-0.5388888888888889,0.5201874762384305,"{""Starving"": 0.0, ""Very Hungry"": 0.15151515151515152, ""Neutral"": 0.696969696969697, ""Full"": 0.15151515151515152, ""Very Full"": 0.0}"
asymmetric,0.6,10,0.35555555555555557,0.6918584061137812,2.806451612903226,1.6875,0.25555555555555554,0.0,0.6,-0.5777777777777777,0.5958767136214588,"{""Starving"": 0.0, ""Very Hungry"": 0.40625, ""Neutral"": 0.5, ""Full"": 0.09375, ""Very Full"": 0.0}"
asymmetric,0.6,11,0.37777777777777777,0.7581815759513215,2.696969696969697,1.5588235294117647,0.2,0.03333333333333333,0.6555555555555556,-0.5666666666666667,0.5913148346019954,"{""Starving"": 0.08823529411764706, ""Very Hungry"": 0.29411764705882354, ""Neutral"": 0.5882352941176471, ""Full"": 0.029411764705882353, ""Very Full"": 0.0}"
asymmetric,0.6,12,0.36666666666666664,0.8744417862270764,2.71875,1.8484848484848484,0.3,0.022222222222222223,0.6111111111111112,-0.5944444444444444,0.5596859649256881,"{""Starving"": 0.06060606060606061, ""Very Hungry"": 0.18181818181818182, ""Neutral"": 0.6060606060606061, ""Full"": 0.15151515151515152, ""Very Full"": 0.0}"
asymmetric,0.6,13,0.34444444444444444,0.7461009761866464,2.9,1.935483870967742,0.3111111111111111,0.0,0.6333333333333333,-0.5388888888888889,0.5790207524056599,"{""Starving"": 0.0, ""Very Hungry"": 0.16129032258064516, ""Neutral"": 0.7419354838709677, ""Full"": 0.0967741935483871, ""Very Full"": 0.0}"
asymmetric,0.6,14,0.36666666666666664,0.9354143466934853,2.75,1.878787878787879,0.32222222222222224,0.0,0.5666666666666667,-0.6166666666666667,0.5569495183735877,"{""Starving"": 0.0, ""Very Hungry"": 0.30303030303030304, ""Neutral"": 0.5151515151515151, ""Full"": 0.18181818181818182, ""Very Full"": 0.0}"
asymmetric,0.6,15,0.36666666666666664,0.7749747979773278,2.65625,1.878787878787879,0.26666666666666666,0.022222222222222223,0.6222222222222222,-0.5833333333333334,0.5615334651489856,"{""Starving"": 0.06060606060606061, ""Very Hungry"": 0.24242424242424243, ""Neutral"": 0.45454545454545453, ""Full"": 0.24242424242424243, ""Very Full"": 0.0}"
asymmetric,0.6,16,0.34444444444444444,0.8306623862918073,2.9,1.7419354838709677,0.3,0.011111111111111112,0.5777777777777777,-0.6055555555555555,0.5634738792323862,"{""Starving"": 0.03225806451612903, ""Very Hungry"": 0.3225806451612903, ""Neutral"": 0.5161290322580645, ""Full"": 0.12903225806451613, ""Very Full"": 0.0}"
asymmetric,0.6,17,0.32222222222222224,0.7985957062499248,3.0714285714285716,1.9310344827586208,0.32222222222222224,0.0,0.6333333333333333,-0.5277777777777778,0.5568157802022277,"{""Starving"": 0.0, ""Very Hungry"": 0.13793103448275862, ""Neutral"": 0.7931034482758621, ""Full"": 0.06896551724137931, ""Very Full"": 0.0}"
asymmetric,0.6,18,0.35555555555555557,0.7795513531351338,2.806451612903226,1.75,0.26666666666666666,0.011111111111111112,0.6111111111111112,-0.5777777777777777,0.5852040930733863,"{""Starving"": 0.03125, ""Very Hungry"": 0.3125, ""Neutral"": 0.53125, ""Full"": 0.125, ""Very Full"": 0.0}"
asymmetric,0.6,19,0.34444444444444444,1.002773930432755,2.8333333333333335,1.8709677419354838,0.3,0.0,0.6,-0.5722222222222222,0.5791075086644242,"{""Starving"": 0.0, ""Very Hungry"": 0.2903225806451613, ""Neutral"": 0.5483870967741935, ""Full"": 0.16129032258064516, ""Very Full"": 0.0}"
asymmetric,0.6,20,0.37777777777777777,0.8408749651825217,2.6666666666666665,1.6764705882352942,0.24444444444444444,0.022222222222222223,0.6555555555555556,-0.5555555555555556,0.5710489760069841,"{""Starving"": 0.058823529411764705, ""Very Hungry"": 0.23529411764705882, ""Neutral"": 0.6764705882352942, ""Full"": 0.029411764705882353, ""Very Full"": 0.0}"
asymmetric,0.6,21,0.35555555555555557,0.7496096799111129,2.774193548387097,1.6875,0.26666666666666666,0.022222222222222223,0.6222222222222222,-0.5777777777777777,0.5813118929043323,"{""Starving"": 0.0625, ""Very Hungry"": 0.25, ""Neutral"": 0.625, ""Full"": 0.0625, ""Very Full"": 0.0}"
asymmetric,0.6,22,0.36666666666666664,0.7388494010960556,2.78125,1.8181818181818181,0.3111111111111111,0.011111111111111112,0.6222222222222222,-0.5722222222222222,0.556993372674041,"{""Starving"": 0.030303030303030304, ""Very Hungry"": 0.15151515151515152, ""Neutral"": 0.7878787878787878, ""Full"": 0.030303030303030304, ""Very Full"": 0.0}"
asymmetric,0.6,23,0.36666666666666664,1.0,2.75,1.7575757575757576,0.32222222222222224,0.022222222222222223,0.5777777777777777,-0.6277777777777778,0.5860714144331426,"{""Starving"": 0.06060606060606061, ""Very Hungry"": 0.21212121212121213, ""Neutral"": 0.6363636363636364, ""Full"": 0.09090909090909091, ""Very Full"": 0.0}"
asymmetric,0.6,24,0.3333333333333333,0.7427813527082074,3.0,1.8333333333333333,0.32222222222222224,0.011111111111111112,0.5888888888888889,-0.5888888888888889,0.5430343439921056,"{""Starving"": 0.03333333333333333, ""Very Hungry"": 0.23333333333333334, ""Neutral"": 0.6, ""Full"": 0.13333333333333333, ""Very Full"": 0.0}"
asymmetric,0.6,25,0.35555555555555557,0.7914738158958255,2.774193548387097,1.875,0.26666666666666666,0.011111111111111112,0.6333333333333333,-0.5555555555555556,0.5596762908345737,"{""Starving"": 0.03125, ""Very Hungry"": 0.25, ""Neutral"": 0.53125, ""Full"": 0.1875, ""Very Full"": 0.0}"
asymmetric,0.6,26,0.36666666666666664,0.8379429798619952,2.71875,1.696969696969697,0.2777777777777778,0.03333333333333333,0.6222222222222222,-0.5944444444444444,0.5797337504166546,"{""Starving"": 0.09090909090909091, ""Very Hungry"": 0.15151515151515152, ""Neutral"": 0.7272727272727273, ""Full"": 0.030303030303030304, ""Very Full"": 0.0}"
asymmetric,0.6,27,0.35555555555555557,0.7795513531351338,2.806451612903226,1.84375,0.3111111111111111,0.0,0.6,-0.5777777777777777,0.5609687805134578,"{""Starving"": 0.0, ""Very Hungry"": 0.25, ""Neutral"": 0.65625, ""Full"": 0.09375, ""Very Full"": 0.0}"
asymmetric,0.6,28,0.37777777777777777,0.6428243465332251,2.6363636363636362,1.6764705882352942,0.25555555555555554,0.011111111111111112,0.6,-0.6,0.5846091496049337,"{""Starving"": 0.029411764705882353, ""Very Hungry"": 0.3235294117647059, ""Neutral"": 0.5882352941176471, ""Full"": 0.058823529411764705, ""Very Full"": 0.0}"
asymmetric,0.6,29,0.35555555555555557,0.9645107346920035,2.806451612903226,2.03125,0.3,0.011111111111111112,0.6333333333333333,-0.5555555555555556,0.5654977887236761,"{""Starving"": 0.03125, ""Very Hungry"": 0.15625, ""Neutral"": 0.5625, ""Full"": 0.25, ""Very Full"": 0.0}"
asymmetric,0.45,0,0.4,0.6904597699196898,2.5428571428571427,1.75,0.25555555555555554,0.011111111111111112,0.6222222222222222,-0.5888888888888889,0.6483841405316476,"{""Starving"": 0.027777777777777776, ""Very Hungry"": 0.2777777777777778, ""Neutral"": 0.6111111111111112, ""Full"": 0.08333333333333333, ""Very Full"": 0.0}"
asymmetric,0.45,1,0.36666666666666664,0.8816709987291178,2.6875,1.7878787878787878,0.3,0.03333333333333333,0.5555555555555556,-0.6611111111111111,0.6262983113478146,"{""Starving"": 0.09090909090909091, ""Very Hungry"": 0.2727272727272727, ""Neutral"": 0.3939393939393939, ""Full"": 0.24242424242424243, ""Very Full"": 0.0}"
asymmetric,0.45,2,0.37777777777777777,0.7310507928372617,2.6363636363636362,1.6470588235294117,0.28888888888888886,0.044444444444444446,0.5333333333333333,-0.7,0.676270552429815,"{""Starving"": 0.11764705882352941, ""Very Hungry"": 0.3235294117647059, ""Neutral"": 0.35294117647058826, ""Full"": 0.20588235294117646, ""Very Full"": 0.0}"
asymmetric,0.45,3,0.34444444444444444,0.5972157622389639,2.9,1.967741935483871,0.3,0.011111111111111112,0.6222222222222222,-0.5611111111111111,0.6420361005498942,"{""Starving"": 0.03225806451612903, ""Very Hungry"": 0.1935483870967742, ""Neutral"": 0.5483870967741935, ""Full"": 0.22580645161290322, ""Very Full"": 0.0}"
asymmetric,0.45,4,0.37777777777777777,0.6735185082088748,2.696969696969697,1.7058823529411764,0.2777777777777778,0.011111111111111112,0.6,-0.6,0.6419696089630602,"{""Starving"": 0.029411764705882353, ""Very Hungry"": 0.29411764705882354, ""Neutral"": 0.6176470588235294, ""Full"": 0.058823529411764705, ""Very Full"": 0.0}"
asymmetric,0.45,5,0.36666666666666664,0.6896273903348097,2.65625,1.5757575757575757,0.2111111111111111,0.022222222222222223,0.6333333333333333,-0.5722222222222222,0.6104803449620113,"{""Starving"": 0.06060606060606061, ""Very Hungry"": 0.3333333333333333, ""Neutral"": 0.5757575757575758, ""Full"": 0.030303030303030304, ""Very Full"": 0.0}"
asymmetric,0.45,6,0.36666666666666664,0.8379429798619952,2.71875,1.696969696969697,0.26666666666666666,0.022222222222222223,0.5888888888888889,-0.6166666666666667,0.674348134412917,"{""Starving"": 0.06060606060606061, ""Very Hungry"": 0.3333333333333333, ""Neutral"": 0.45454545454545453, ""Full"": 0.15151515151515152, ""Very Full"": 0.0}"
asymmetric,0.45,7,0.35555555555555557,0.7067387838776338,2.870967741935484,1.90625,0.32222222222222224,0.011111111111111112,0.5888888888888889,-0.6,0.6276793475230088,"{""Starving"": 0.03125, ""Very Hungry"": 0.21875, ""Neutral"": 0.5625, ""Full"": 0.1875, ""Very Full"": 0.0}"
asymmetric,0.45,8,0.35555555555555557,0.6271684546846317,2.838709677419355,1.90625,0.34444444444444444,0.0,0.5666666666666667,-0.6111111111111112,0.620241771877751,"{""Starving"": 0.0, ""Very Hungry"": 0.25, ""Neutral"": 0.59375, ""Full"": 0.15625, ""Very Full"": 0.0}"
asymmetric,0.45,9,0.37777777777777777,0.8813963377120598,2.6363636363636362,1.9411764705882353,0.2777777777777778,0.011111111111111112,0.6444444444444445,-0.5555555555555556,0.6423247416905007,"{""Starving"": 0.029411764705882353, ""Very Hungry"": 0.20588235294117646, ""Neutral"": 0.5588235294117647, ""Full"": 0.20588235294117646, ""Very Full"": 0.0}"
asymmetric,0.45,10,0.37777777777777777,0.8142441722754183,2.606060606060606,1.4705882352941178,0.18888888888888888,0.03333333333333333,0.5888888888888889,-0.6333333333333333,0.6543381026115899,"{""Starving"": 0.08823529411764706, ""Very Hungry"": 0.4411764705882353, ""Neutral"": 0.38235294117647056, ""Full"": 0.08823529411764706, ""Very Full"": 0.0}"
asymmetric,0.45,11,0.35555555555555557,0.6435463659116131,2.806451612903226,1.90625,0.3111111111111111,0.011111111111111112,0.6222222222222222,-0.5666666666666667,0.6602668044583584,"{""Starving"": 0.03125, ""Very Hungry"": 0.15625, ""Neutral"": 0.6875, ""Full"": 0.125, ""Very Full"": 0.0}"
asymmetric,0.45,12,0.34444444444444444,0.8698658900466593,2.9,1.8064516129032258,0.3,0.011111111111111112,0.6,-0.5833333333333334,0.6564157416411954,"{""Starving"": 0.03225806451612903, ""Very Hungry"": 0.25806451612903225, ""Neutral"": 0.5806451612903226, ""Full"": 0.12903225806451613, ""Very Full"": 0.0}"
asymmetric,0.45,13,0.36666666666666664,1.0606601717798212,2.75,1.7575757575757576,0.23333333333333334,0.011111111111111112,0.6555555555555556,-0.5388888888888889,0.6447626959335893,"{""Starving"": 0.030303030303030304, ""Very Hungry"": 0.2727272727272727, ""Neutral"": 0.6060606060606061, ""Full"": 0.09090909090909091, ""Very Full"": 0.0}"
asymmetric,0.45,14,0.37777777777777777,0.7360580485752194,2.606060606060606,1.7352941176470589,0.25555555555555554,0.03333333333333333,0.6111111111111112,-0.6111111111111112,0.6492280264169064,"{""Starving"": 0.08823529411764706, ""Very Hungry"": 0.23529411764705882, ""Neutral"": 0.5294117647058824, ""Full"": 0.14705882352941177, ""Very Full"": 0.0}"
asymmetric,0.45,15,0.34444444444444444,0.6289320754704403,2.933333333333333,1.935483870967742,0.26666666666666666,0.0,0.6444444444444445,-0.5277777777777778,0.6855256422229169,"{""Starving"": 0.0, ""Very Hungry"": 0.2903225806451613, ""Neutral"": 0.4838709677419355, ""Full"": 0.22580645161290322, ""Very Full"": 0.0}"
asymmetric,0.45,16,0.35555555555555557,0.9066754401648511,2.870967741935484,1.59375,0.24444444444444444,0.011111111111111112,0.5888888888888889,-0.6,0.6375597625386952,"{""Starving"": 0.03125, ""Very Hungry"": 0.4375, ""Neutral"": 0.4375, ""Full"": 0.09375, ""Very Full"": 0.0}"
asymmetric,0.45,17,0.35555555555555557,0.7914738158958257,2.774193548387097,1.625,0.28888888888888886,0.03333333333333333,0.5777777777777777,-0.6333333333333333,0.6155767135756586,"{""Starving"": 0.09375, ""Very Hungry"": 0.28125, ""Neutral"": 0.53125, ""Full"": 0.09375, ""Very Full"": 0.0}"
asymmetric,0.45,18,0.32222222222222224,0.7783748113465488,3.0357142857142856,1.9310344827586208,0.36666666666666664,0.011111111111111112,0.5444444444444444,-0.6277777777777778,0.6523822445405864,"{""Starving"": 0.034482758620689655, ""Very Hungry"": 0.2413793103448276, ""Neutral"": 0.4827586206896552, ""Full"": 0.2413793103448276, ""Very Full"": 0.0}"
asymmetric,0.45,19,0.34444444444444444,0.8698658900466594,2.9,1.935483870967742,0.3111111111111111,0.0,0.6111111111111112,-0.5611111111111111,0.6230545014187815,"{""Starving"": 0.0, ""Very Hungry"": 0.1935483870967742, ""Neutral"": 0.6774193548387096, ""Full"": 0.12903225806451613, ""Very Full"": 0.0}"
asymmetric,0.45,20,0.37777777777777777,0.7761362712039817,2.606060606060606,1.588235294117647,0.2222222222222222,0.011111111111111112,0.5888888888888889,-0.6111111111111112,0.6439069444056424,"{""Starving"": 0.029411764705882353, ""Very Hungry"": 0.4411764705882353, ""Neutral"": 0.4411764705882353, ""Full"": 0.08823529411764706, ""Very Full"": 0.0}"
asymmetric,0.45,21,0.35555555555555557,0.8070965163352776,2.838709677419355,1.8125,0.26666666666666666,0.011111111111111112,0.6222222222222222,-0.5666666666666667,0.7011512068253934,"{""Starving"": 0.03125, ""Very Hungry"": 0.28125, ""Neutral"": 0.53125, ""Full"": 0.15625, ""Very Full"": 0.0}"
asymmetric,0.45,22,0.36666666666666664,0.7997802432543579,2.71875,1.7272727272727273,0.24444444444444444,0.011111111111111112,0.6222222222222222,-0.5722222222222222,0.6557581653100587,"{""Starving"": 0.030303030303030304, ""Very Hungry"": 0.30303030303030304, ""Neutral"": 0.5757575757575758, ""Full"": 0.09090909090909091, ""Very Full"": 0.0}"
asymmetric,0.45,23,0.35555555555555557,0.8834234798470422,2.838709677419355,1.78125,0.25555555555555554,0.0,0.6222222222222222,-0.5555555555555556,0.6458617890221241,"{""Starving"": 0.0, ""Very Hungry"": 0.34375, ""Neutral"": 0.53125, ""Full"": 0.125, ""Very Full"": 0.0}"
asymmetric,0.45,24,0.36666666666666664,0.6724198372296879,2.71875,1.7272727272727273,0.2777777777777778,0.0,0.6,-0.5833333333333334,0.585483217164819,"{""Starving"": 0.0, ""Very Hungry"": 0.3333333333333333, ""Neutral"": 0.6060606060606061, ""Full"": 0.06060606060606061, ""Very Full"": 0.0}"
asymmetric,0.45,25,0.35555555555555557,0.6704712803492427,2.7419354838709675,1.875,0.28888888888888886,0.011111111111111112,0.6,-0.5888888888888889,0.6240862733645695,"{""Starving"": 0.03125, ""Very Hungry"": 0.28125, ""Neutral"": 0.46875, ""Full"": 0.21875, ""Very Full"": 0.0}"
asymmetric,0.45,26,0.35555555555555557,0.5531105870800725,2.870967741935484,1.75,0.26666666666666666,0.0,0.5888888888888889,-0.5888888888888889,0.6444055690987417,"{""Starving"": 0.0, ""Very Hungry"": 0.40625, ""Neutral"": 0.4375, ""Full"": 0.15625, ""Very Full"": 0.0}"
asymmetric,0.45,27,0.3333333333333333,0.850264000409514,2.9655172413793105,1.6666666666666667,0.28888888888888886,0.022222222222222223,0.5888888888888889,-0.6,0.6537832141922334,"{""Starving"": 0.06666666666666667, ""Very Hungry"": 0.3, ""Neutral"": 0.5333333333333333, ""Full"": 0.1, ""Very Full"": 0.0}"
asymmetric,0.45,28,0.34444444444444444,1.0561986345169905,2.8666666666666667,1.8064516129032258,0.2222222222222222,0.011111111111111112,0.6666666666666666,-0.5166666666666667,0.6256103154545575,"{""Starving"": 0.03225806451612903, ""Very Hungry"": 0.25806451612903225, ""Neutral"": 0.5806451612903226, ""Full"": 0.12903225806451613, ""Very Full"": 0.0}"
asymmetric,0.45,29,0.35555555555555557,0.7052648744863046,2.774193548387097,1.6875,0.25555555555555554,0.03333333333333333,0.6333333333333333,-0.5777777777777777,0.6412869717432531,"{""Starving"": 0.09375, ""Very Hungry"": 0.1875, ""Neutral"": 0.65625, ""Full"": 0.0625, ""Very Full"": 0.0}"
symmetric,0.95,0,0.3111111111111111,1.104921028901948,3.037037037037037,0.8928571428571429,0.011111111111111112,0.03333333333333333,0.6555555555555556,-0.8666666666666667,0.15289402257493032,"{""Starving"": 0.10714285714285714, ""Very Hungry"": 0.8928571428571429, ""Neutral"": 0.0, ""Full"": 0.0, ""Very Full"": 0.0}"
symmetric,0.95,1,0.3333333333333333,0.9278361411774974,3.0344827586206895,0.9,0.03333333333333333,0.03333333333333333,0.6333333333333333,-0.8666666666666667,0.12914796886139493,"{""Starving"": 0.1, ""Very Hungry"": 0.9, ""Neutral"": 0.0, ""Full"": 0.0, ""Very Full"": 0.0}"
symmetric,0.95,2,0.34444444444444444,0.6871842709362768,2.8333333333333335,0.9032258064516129,0.03333333333333333,0.044444444444444446,0.6222222222222222,-0.9055555555555556,0.1485668235597474,"{""Starving"": 0.12903225806451613, ""Very Hungry"": 0.8387096774193549, ""Neutral"": 0.03225806451612903, ""Full"": 0.0, ""Very Full"": 0.0}"
symmetric,0.95,3,0.3333333333333333,0.922695735190321,2.896551724137931,0.8666666666666667,0.044444444444444446,0.05555555555555555,0.6111111111111112,-0.9111111111111111,0.14220306653118814,"{""Starving"": 0.13333333333333333, ""Very Hungry"": 0.8666666666666667, ""Neutral"": 0.0, ""Full"": 0.0, ""Very Full"": 0.0}"
symmetric,0.95,4,0.35555555555555557,0.8312321759177501,2.774193548387097,0.78125,0.03333333333333333,0.07777777777777778,0.6,-0.9444444444444444,0.17790053523855692,"{""Starving"": 0.21875, ""Very Hungry"": 0.78125, ""Neutral"": 0.0, ""Full"": 0.0, ""Very Full"": 0.0}"
symmetric,0.95,5,0.34444444444444444,1.024152766382481,2.8666666666666667,0.8064516129032258,0.1,0.06666666666666667,0.5333333333333333,-1.0277777777777777,0.17144886195334813,"{""Starving"": 0.1935483870967742, ""Very Hungry"": 0.8064516129032258, ""Neutral"": 0.0, ""Full"": 0.0, ""Very Full"": 0.0}"
symmetric,0.95,6,0.3333333333333333,0.9994052928406509,3.0344827586206895,0.8333333333333334,0.08888888888888889,0.06666666666666667,0.5888888888888889,-0.9666666666666667,0.152248140956089,"{""Starving"": 0.2, ""Very Hungry"": 0.7666666666666667, ""Neutral"": 0.03333333333333333, ""Full"": 0.0, ""Very Full"": 0.0}"
symmetric,0.95,7,0.35555555555555557,0.9304648452810295,2.806451612903226,0.75,0.0,0.08888888888888889,0.6333333333333333,-0.9222222222222223,0.16787686711049232,"{""Starving"": 0.25, ""Very Hungry"": 0.75, ""Neutral"": 0.0, ""Full"": 0.0, ""Very Full"": 0.0}"
symmetric,0.95,8,0.35555555555555557,0.8691737796972566,2.774193548387097,0.84375,0.044444444444444446,0.05555555555555555,0.5888888888888889,-0.9555555555555556,0.14611772840549977,"{""Starving"": 0.15625, ""Very Hungry"": 0.84375, ""Neutral"": 0.0, ""Full"": 0.0, ""Very Full"": 0.0}"
symmetric,0.95,9,0.37777777777777777,0.919136417460794,2.606060606060606,0.6764705882352942,0.022222222222222223,0.13333333333333333,0.5666666666666667,-0.9555555555555556,0.17686529647846,"{""Starving"": 0.35294117647058826, ""Very Hungry"": 0.6176470588235294, ""Neutral"": 0.029411764705882353, ""Full"": 0.0, ""Very Full"": 0.0}"
symmetric,0.95,10,0.35555555555555557,0.8951249629362329,2.806451612903226,0.71875,0.03333333333333333,0.1,0.6111111111111112,-0.9666666666666667,0.16216306702824654,"{""Starving"": 0.28125, ""Very Hungry"": 0.71875, ""Neutral"": 0.0, ""Full"": 0.0, ""Very Full"": 0.0}"
symmetric,0.95,11,0.32222222222222224,0.9813308331452919,3.0357142857142856,0.9310344827586207,0.022222222222222223,0.03333333333333333,0.6444444444444445,-0.8611111111111112,0.17796999689614645,"{""Starving"": 0.10344827586206896, ""Very Hungry"": 0.8620689655172413, ""Neutral"": 0.034482758620689655, ""Full"": 0.0, ""Very Full"": 0.0}"
symmetric,0.95,12,0.35555555555555557,0.7660865862605108,2.838709677419355,0.875,0.06666666666666667,0.044444444444444446,0.5777777777777777,-1.0333333333333334,0.16135930392325307,"{""Starving"": 0.125, ""Very Hungry"": 0.875, ""Neutral"": 0.0, ""Full"": 0.0, ""Very Full"": 0.0}"
symmetric,0.95,13,0.35555555555555557,1.1939842273110803,2.838709677419355,0.8125,0.05555555555555555,0.08888888888888889,0.6111111111111112,-0.9888888888888889,0.18056171375899235,"{""Starving"": 0.25, ""Very Hungry"": 0.6875, ""Neutral"": 0.0625, ""Full"": 0.0, ""Very Full"": 0.0}"
symmetric,0.95,14,0.34444444444444444,0.8306623862918076,2.9,0.9354838709677419,0.044444444444444446,0.03333333333333333,0.6222222222222222,-0.8833333333333333,0.15866063647484105,"{""Starving"": 0.0967741935483871, ""Very Hungry"": 0.8709677419354839, ""Neutral"": 0.03225806451612903, ""Full"": 0.0, ""Very Full"": 0.0}"
symmetric,0.95,15,0.32222222222222224,1.0251928638862373,3.142857142857143,0.9310344827586207,0.03333333333333333,0.022222222222222223,0.6444444444444445,-0.8833333333333333,0.16517722313298622,"{""Starving"": 0.06896551724137931, ""Very Hungry"": 0.9310344827586207, ""Neutral"": 0.0, ""Full"": 0.0, ""Very Full"": 0.0}"
symmetric,0.95,16,0.3333333333333333,1.066181023016573,3.0344827586206895,0.8,0.06666666666666667,0.06666666666666667,0.6,-0.9666666666666667,0.1609467499674394,"{""Starving"": 0.2, ""Very Hungry"": 0.8, ""Neutral"": 0.0, ""Full"": 0.0, ""Very Full"": 0.0}"
symmetric,0.95,17,0.3333333333333333,0.7298624306385079,2.8620689655172415,0.8,0.044444444444444446,0.08888888888888889,0.6,-1.0333333333333334,0.16603236884792882,"{""Starving"": 0.2, ""Very Hungry"": 0.8, ""Neutral"": 0.0, ""Full"": 0.0, ""Very Full"": 0.0}"
symmetric,0.95,18,0.4,0.7698396334461416,2.4857142857142858,0.7777777777777778,0.03333333333333333,0.08888888888888889,0.5444444444444444,-1.011111111111111,0.15958510852795965,"{""Starving"": 0.2222222222222222, ""Very Hungry"": 0.7777777777777778, ""Neutral"": 0.0, ""Full"": 0.0, ""Very Full"": 0.0}"
symmetric,0.95,19,0.35555555555555557,1.1193130047030628,2.806451612903226,0.75,0.03333333333333333,0.08888888888888889,0.6,-0.9666666666666667,0.17285894158768061,"{""Starving"": 0.25, ""Very Hungry"": 0.75, ""Neutral"": 0.0, ""Full"": 0.0, ""Very Full"": 0.0}"
symmetric,0.95,20,0.3111111111111111,0.9041893048691632,3.185185185185185,0.9642857142857143,0.05555555555555555,0.022222222222222223,0.6333333333333333,-0.9222222222222223,0.14859574268120163,"{""Starving"": 0.07142857142857142, ""Very Hungry"": 0.8928571428571429, ""Neutral"": 0.03571428571428571, ""Full"": 0.0, ""Very Full"": 0.0}"
symmetric,0.95,21,0.32222222222222224,0.9761178834797463,3.107142857142857,0.7931034482758621,0.06666666666666667,0.06666666666666667,0.6111111111111112,-0.9611111111111111,0.14526304784869393,"{""Starving"": 0.20689655172413793, ""Very Hungry"": 0.7931034482758621, ""Neutral"": 0.0, ""Full"": 0.0, ""Very Full"": 0.0}"
symmetric,0.95,22,0.34444444444444444,0.7023769168568493,2.8,0.8709677419354839,0.0,0.044444444444444446,0.6444444444444445,-0.8944444444444445,0.14184069201403482,"{""Starving"": 0.12903225806451613, ""Very Hungry"": 0.8709677419354839, ""Neutral"": 0.0, ""Full"": 0.0, ""Very Full"": 0.0}"
symmetric,0.95,23,0.35555555555555557,0.8583312706871014,2.806451612903226,0.78125,0.022222222222222223,0.07777777777777778,0.5888888888888889,-0.9888888888888889,0.16954759037358377,"{""Starving"": 0.21875, ""Very Hungry"": 0.78125, ""Neutral"": 0.0, ""Full"": 0.0, ""Very Full"": 0.0}"
symmetric,0.95,24,0.3333333333333333,0.850264000409514,3.0344827586206895,0.8333333333333334,0.07777777777777778,0.06666666666666667,0.5888888888888889,-0.9888888888888889,0.1647530659149526,"{""Starving"": 0.2, ""Very Hungry"": 0.7666666666666667, ""Neutral"": 0.03333333333333333, ""Full"": 0.0, ""Very Full"": 0.0}"
symmetric,0.95,25,0.34444444444444444,0.8844332774281066,2.8666666666666667,0.9032258064516129,0.06666666666666667,0.044444444444444446,0.6,-0.9722222222222222,0.1514998972452909,"{""Starving"": 0.12903225806451613, ""Very Hungry"": 0.8387096774193549, ""Neutral"": 0.03225806451612903, ""Full"": 0.0, ""Very Full"": 0.0}"
symmetric,0.95,26,0.32222222222222224,0.7783748113465488,3.0357142857142856,0.896551724137931,0.011111111111111112,0.044444444444444446,0.6222222222222222,-0.9611111111111111,0.13255974309316815,"{""Starving"": 0.10344827586206896, ""Very Hungry"": 0.896551724137931, ""Neutral"": 0.0, ""Full"": 0.0, ""Very Full"": 0.0}"
symmetric,0.95,27,0.3333333333333333,0.9593398443616246,2.896551724137931,0.8666666666666667,0.03333333333333333,0.044444444444444446,0.6,-0.9555555555555556,0.15571011756995043,"{""Starving"": 0.13333333333333333, ""Very Hungry"": 0.8666666666666667, ""Neutral"": 0.0, ""Full"": 0.0, ""Very Full"": 0.0}"
symmetric,0.95,28,0.32222222222222224,0.9897433186107871,3.142857142857143,0.8620689655172413,0.044444444444444446,0.06666666666666667,0.6555555555555556,-0.8944444444444445,0.1546579352555165,"{""Starving"": 0.20689655172413793, ""Very Hungry"": 0.7241379310344828, ""Neutral"": 0.06896551724137931, ""Full"": 0.0, ""Very Full"": 0.0}"
symmetric,0.95,29,0.35555555555555557,0.9645107346920035,2.806451612903226,0.8125,0.022222222222222223,0.06666666666666667,0.5888888888888889,-0.9666666666666667,0.1624216860866134,"{""Starving"": 0.1875, ""Very Hungry"": 0.8125, ""Neutral"": 0.0, ""Full"": 0.0, ""Very Full"": 0.0}"
symmetric,0.8,0,0.34444444444444444,0.7340905181848414,2.8333333333333335,0.7741935483870968,0.03333333333333333,0.08888888888888889,0.5888888888888889,-0.9611111111111111,0.4188431876097179,"{""Starving"": 0.25806451612903225, ""Very Hungry"": 0.7096774193548387, ""Neutral"": 0.03225806451612903, ""Full"": 0.0, ""Very Full"": 0.0}"
symmetric,0.8,1,0.3333333333333333,1.4259360778024366,3.0344827586206895,0.7333333333333333,0.1,0.1,0.5555555555555556,-1.0444444444444445,0.45125860794781886,"{""Starving"": 0.3333333333333333, ""Very Hungry"": 0.6, ""Neutral"": 0.06666666666666667, ""Full"": 0.0, ""Very Full"": 0.0}"
symmetric,0.8,2,0.3333333333333333,0.8709883407113854,3.0,0.8333333333333334,0.03333333333333333,0.06666666666666667,0.5555555555555556,-0.9888888888888889,0.39921409013999193,"{""Starving"": 0.2, ""Very Hungry"": 0.7666666666666667, ""Neutral"": 0.03333333333333333, ""Full"": 0.0, ""Very Full"": 0.0}"
symmetric,0.8,3,0.35555555555555557,1.0392905608765814,2.870967741935484,0.6875,0.08888888888888889,0.15555555555555556,0.5222222222222223,-1.1,0.44261366235899857,"{""Starving"": 0.4375, ""Very Hungry"": 0.4375, ""Neutral"": 0.125, ""Full"": 0.0, ""Very Full"": 0.0}"
symmetric,0.8,4,0.3333333333333333,1.014754411693942,2.9310344827586206,0.8,0.044444444444444446,0.07777777777777778,0.5666666666666667,-0.9222222222222223,0.43536525898380507,"{""Starving"": 0.23333333333333334, ""Very Hungry"": 0.7333333333333333, ""Neutral"": 0.03333333333333333, ""Full"": 0.0, ""Very Full"": 0.0}"
symmetric,0.8,5,0.34444444444444444,0.9780933834080807,2.9,0.8387096774193549,0.044444444444444446,0.06666666666666667,0.5777777777777777,-0.9611111111111111,0.46670499314368563,"{""Starving"": 0.1935483870967742, ""Very Hungry"": 0.7741935483870968, ""Neutral"": 0.03225806451612903, ""Full"": 0.0, ""Very Full"": 0.0}"
symmetric,0.8,6,0.32222222222222224,0.9609731462195508,3.0714285714285716,0.8275862068965517,0.08888888888888889,0.07777777777777778,0.5888888888888889,-0.9611111111111111,0.46782805444008685,"{""Starving"": 0.2413793103448276, ""Very Hungry"": 0.6896551724137931, ""Neutral"": 0.06896551724137931, ""Full"": 0.0, ""Very Full"": 0.0}"
symmetric,0.8,7,0.32222222222222224,1.1627728997214075,3.0714285714285716,0.6896551724137931,0.1,0.12222222222222222,0.5111111111111111,-1.0944444444444446,0.4435744690123993,"{""Starving"": 0.3793103448275862, ""Very Hungry"": 0.5517241379310345, ""Neutral"": 0.06896551724137931, ""Full"": 0.0, ""Very Full"": 0.0}"
symmetric,0.8,8,0.3333333333333333,1.2014656131161616,3.0689655172413794,0.6,0.07777777777777778,0.15555555555555556,0.5444444444444444,-1.1111111111111112,0.46142394394089015,"{""Starving"": 0.4666666666666667, ""Very Hungry"": 0.4666666666666667, ""Neutral"": 0.06666666666666667, ""Full"": 0.0, ""Very Full"": 0.0}"
symmetric,0.8,9,0.32222222222222224,0.9230605702371488,2.9285714285714284,0.896551724137931,0.1,0.07777777777777778,0.5444444444444444,-1.0166666666666666,0.43798867469733993,"{""Starving"": 0.20689655172413793, ""Very Hungry"": 0.6896551724137931, ""Neutral"": 0.10344827586206896, ""Full"": 0.0, ""Very Full"": 0.0}"
symmetric,0.8,10,0.3333333333333333,0.8709883407113854,3.0,0.8,0.044444444444444446,0.07777777777777778,0.6,-0.9444444444444444,0.4142175480148809,"{""Starving"": 0.23333333333333334, ""Very Hungry"": 0.7333333333333333, ""Neutral"": 0.03333333333333333, ""Full"": 0.0, ""Very Full"": 0.0}"
symmetric,0.8,11,0.35555555555555557,0.8312321759177501,2.774193548387097,0.75,0.03333333333333333,0.1111111111111111,0.5777777777777777,-0.9777777777777777,0.3983073343471239,"{""Starving"": 0.3125, ""Very Hungry"": 0.625, ""Neutral"": 0.0625, ""Full"": 0.0, ""Very Full"": 0.0}"
symmetric,0.8,12,0.3333333333333333,1.048185114039356,2.9310344827586206,0.8,0.05555555555555555,0.08888888888888889,0.5666666666666667,-0.9555555555555556,0.44423129409223916,"{""Starving"": 0.26666666666666666, ""Very Hungry"": 0.6666666666666666, ""Neutral"": 0.06666666666666667, ""Full"": 0.0, ""Very Full"": 0.0}"
symmetric,0.8,13,0.32222222222222224,1.099628879881475,3.0714285714285716,0.7241379310344828,0.05555555555555555,0.08888888888888889,0.5666666666666667,-1.0055555555555555,0.4395984737081578,"{""Starving"": 0.27586206896551724, ""Very Hungry"": 0.7241379310344828, ""Neutral"": 0.0, ""Full"": 0.0, ""Very Full"": 0.0}"
symmetric,0.8,14,0.3333333333333333,0.982607368881035,3.0,0.7333333333333333,0.08888888888888889,0.1111111111111111,0.5444444444444444,-1.0333333333333334,0.4421601804986628,"{""Starving"": 0.3333333333333333, ""Very Hungry"": 0.6, ""Neutral"": 0.06666666666666667, ""Full"": 0.0, ""Very Full"": 0.0}"
symmetric,0.8,15,0.34444444444444444,0.8919392106839769,2.933333333333333,0.8709677419354839,0.06666666666666667,0.06666666666666667,0.5777777777777777,-0.95,0.41983078867746365,"{""Starving"": 0.1935483870967742, ""Very Hungry"": 0.7419354838709677, ""Neutral"": 0.06451612903225806, ""Full"": 0.0, ""Very Full"": 0.0}"
symmetric,0.8,16,0.36666666666666664,0.8454843286542927,2.6875,0.7878787878787878,0.011111111111111112,0.1,0.5888888888888889,-0.9388888888888889,0.46163886991963027,"{""Starving"": 0.2727272727272727, ""Very Hungry"": 0.6666666666666666, ""Neutral"": 0.06060606060606061, ""Full"": 0.0, ""Very Full"": 0.0}"
symmetric,0.8,17,0.3333333333333333,0.982607368881035,3.0,0.7333333333333333,0.07777777777777778,0.1,0.5444444444444444,-1.0,0.42921452962336487,"{""Starving"": 0.3, ""Very Hungry"": 0.6666666666666666, ""Neutral"": 0.03333333333333333, ""Full"": 0.0, ""Very Full"": 0.0}"
symmetric,0.8,18,0.3111111111111111,0.8526566246830621,3.2962962962962963,0.9642857142857143,0.12222222222222222,0.044444444444444446,0.5777777777777777,-0.9777777777777777,0.4513259314799749,"{""Starving"": 0.14285714285714285, ""Very Hungry"": 0.75, ""Neutral"": 0.10714285714285714, ""Full"": 0.0, ""Very Full"": 0.0}"
symmetric,0.8,19,0.35555555555555557,0.8019227673971646,2.7419354838709675,0.6875,0.022222222222222223,0.12222222222222222,0.5555555555555556,-0.9888888888888889,0.43648224438851985,"{""Starving"": 0.34375, ""Very Hungry"": 0.625, ""Neutral"": 0.03125, ""Full"": 0.0, ""Very Full"": 0.0}"
symmetric,0.8,20,0.34444444444444444,0.7895146188218009,2.9,0.7741935483870968,0.03333333333333333,0.1,0.6111111111111112,-0.9611111111111111,0.43254934709564374,"{""Starving"": 0.2903225806451613, ""Very Hungry"": 0.6451612903225806, ""Neutral"": 0.06451612903225806, ""Full"": 0.0, ""Very Full"": 0.0}"
symmetric,0.8,21,0.36666666666666664,0.8744417862270764,2.71875,0.696969696969697,0.044444444444444446,0.12222222222222222,0.5666666666666667,-1.0055555555555555,0.43640619893883936,"{""Starving"": 0.3333333333333333, ""Very Hungry"": 0.6363636363636364, ""Neutral"": 0.030303030303030304, ""Full"": 0.0, ""Very Full"": 0.0}"
symmetric,0.8,22,0.36666666666666664,0.8921314014762624,2.78125,0.6363636363636364,0.05555555555555555,0.13333333333333333,0.5555555555555556,-1.0277777777777777,0.42756362776896706,"{""Starving"": 0.3939393939393939, ""Very Hungry"": 0.5757575757575758, ""Neutral"": 0.030303030303030304, ""Full"": 0.0, ""Very Full"": 0.0}"
symmetric,0.8,23,0.34444444444444444,0.9910712498212336,2.8666666666666667,0.6451612903225806,0.022222222222222223,0.12222222222222222,0.5777777777777777,-0.9722222222222222,0.4470098431113741,"{""Starving"": 0.3548387096774194, ""Very Hungry"": 0.6451612903225806, ""Neutral"": 0.0, ""Full"": 0.0, ""Very Full"": 0.0}"
symmetric,0.8,24,0.3,0.6538461538461539,3.269230769230769,0.8888888888888888,0.05555555555555555,0.05555555555555555,0.6111111111111112,-0.95,0.4298670066665194,"{""Starving"": 0.18518518518518517, ""Very Hungry"": 0.7407407407407407, ""Neutral"": 0.07407407407407407, ""Full"": 0.0, ""Very Full"": 0.0}"
symmetric,0.8,25,0.35555555555555557,0.9415819044726724,2.870967741935484,0.84375,0.03333333333333333,0.05555555555555555,0.5888888888888889,-0.8888888888888888,0.41306785062048085,"{""Starving"": 0.15625, ""Very Hungry"": 0.84375, ""Neutral"": 0.0, ""Full"": 0.0, ""Very Full"": 0.0}"
symmetric,0.8,26,0.3333333333333333,0.982607368881035,3.0,0.7,0.022222222222222223,0.1,0.5555555555555556,-0.9888888888888889,0.43798556909357855,"{""Starving"": 0.3, ""Very Hungry"": 0.7, ""Neutral"": 0.0, ""Full"": 0.0, ""Very Full"": 0.0}"
symmetric,0.8,27,0.3111111111111111,0.8314794192830981,3.2222222222222223,1.0,0.06666666666666667,0.022222222222222223,0.6333333333333333,-0.9666666666666667,0.432147197196673,"{""Starving"": 0.07142857142857142, ""Very Hungry"": 0.8571428571428571, ""Neutral"": 0.07142857142857142, ""Full"": 0.0, ""Very Full"": 0.0}"
symmetric,0.8,28,0.3333333333333333,0.7848142535683477,3.0689655172413794,0.8333333333333334,0.06666666666666667,0.07777777777777778,0.5888888888888889,-1.0,0.4259295919528188,"{""Starving"": 0.23333333333333334, ""Very Hungry"": 0.7, ""Neutral"": 0.06666666666666667, ""Full"": 0.0, ""Very Full"": 0.0}"
symmetric,0.8,29,0.3,1.2733034890189883,3.3846153846153846,0.9629629629629629,0.05555555555555555,0.022222222222222223,0.6222222222222222,-0.9388888888888889,0.44924347102962797,"{""Starving"": 0.07407407407407407, ""Very Hungry"": 0.8888888888888888, ""Neutral"": 0.037037037037037035, ""Full"": 0.0, ""Very Full"": 0.0}"
symmetric,0.6,0,0.32222222222222224,0.9147320339189784,3.142857142857143,0.8275862068965517,0.1111111111111111,0.07777777777777778,0.5444444444444444,-1.038888888888889,0.6603621669452984,"{""Starving"": 0.2413793103448276, ""Very Hungry"": 0.6896551724137931, ""Neutral"": 0.06896551724137931, ""Full"": 0.0, ""Very Full"": 0.0}"
symmetric,0.6,1,0.3333333333333333,0.7586206896551725,2.896551724137931,0.9,0.08888888888888889,0.08888888888888889,0.5555555555555556,-0.9777777777777777,0.6754231330274142,"{""Starving"": 0.26666666666666666, ""Very Hungry"": 0.5666666666666667, ""Neutral"": 0.16666666666666666, ""Full"": 0.0, ""Very Full"": 0.0}"
symmetric,0.6,2,0.32222222222222224,0.8017837257372732,3.0,0.6206896551724138,0.05555555555555555,0.13333333333333333,0.5,-1.0611111111111111,0.6354172389379873,"{""Starving"": 0.3793103448275862, ""Very Hungry"": 0.6206896551724138, ""Neutral"": 0.0, ""Full"": 0.0, ""Very Full"": 0.0}"
symmetric,0.6,3,0.32222222222222224,0.7889543583705185,3.142857142857143,0.7241379310344828,0.03333333333333333,0.1111111111111111,0.6,-0.9833333333333333,0.6417925267432653,"{""Starving"": 0.3448275862068966, ""Very Hungry"": 0.5862068965517241, ""Neutral"": 0.06896551724137931, ""Full"": 0.0, ""Very Full"": 0.0}"
symmetric,0.6,4,0.3,1.0262818510866412,3.1538461538461537,0.7407407407407407,0.07777777777777778,0.13333333333333333,0.5444444444444444,-1.0833333333333333,0.6685378079848939,"{""Starving"": 0.4074074074074074, ""Very Hungry"": 0.4444444444444444, ""Neutral"": 0.14814814814814814, ""Full"": 0.0, ""Very Full"": 0.0}"
symmetric,0.6,5,0.3111111111111111,0.8748897637790901,3.111111111111111,0.7142857142857143,0.05555555555555555,0.1111111111111111,0.5888888888888889,-0.9777777777777777,0.6457897886852166,"{""Starving"": 0.35714285714285715, ""Very Hungry"": 0.5714285714285714, ""Neutral"": 0.07142857142857142, ""Full"": 0.0, ""Very Full"": 0.0}"
symmetric,0.6,6,0.36666666666666664,0.9596345332990055,2.78125,0.5757575757575758,0.044444444444444446,0.16666666666666666,0.5222222222222223,-1.0722222222222222,0.6716444526450854,"{""Starving"": 0.48484848484848486, ""Very Hungry"": 0.45454545454545453, ""Neutral"": 0.06060606060606061, ""Full"": 0.0, ""Very Full"": 0.0}"
symmetric,0.6,7,0.34444444444444444,0.813770374382247,2.933333333333333,0.6451612903225806,0.011111111111111112,0.12222222222222222,0.5777777777777777,-0.95,0.6479827026064778,"{""Starving"": 0.3548387096774194, ""Very Hungry"": 0.6451612903225806, ""Neutral"": 0.0, ""Full"": 0.0, ""Very Full"": 0.0}"
symmetric,0.6,8,0.32222222222222224,0.8999716548824395,3.107142857142857,0.8620689655172413,0.044444444444444446,0.06666666666666667,0.6111111111111112,-0.9388888888888889,0.6592128346357563,"{""Starving"": 0.20689655172413793, ""Very Hungry"": 0.7241379310344828, ""Neutral"": 0.06896551724137931, ""Full"": 0.0, ""Very Full"": 0.0}"
symmetric,0.6,9,0.35555555555555557,0.7914738158958255,2.774193548387097,0.5625,0.05555555555555555,0.17777777777777778,0.4777777777777778,-1.1444444444444444,0.6536381493210496,"{""Starving"": 0.5, ""Very Hungry"": 0.4375, ""Neutral"": 0.0625, ""Full"": 0.0, ""Very Full"": 0.0}"
symmetric,0.6,10,0.35555555555555557,0.9973951505638907,2.806451612903226,0.53125,0.044444444444444446,0.16666666666666666,0.4777777777777778,-1.0888888888888888,0.6324551936629635,"{""Starving"": 0.46875, ""Very Hungry"": 0.53125, ""Neutral"": 0.0, ""Full"": 0.0, ""Very Full"": 0.0}"
symmetric,0.6,11,0.34444444444444444,1.002773930432755,2.8333333333333335,0.4838709677419355,0.06666666666666667,0.2111111111111111,0.45555555555555555,-1.1055555555555556,0.6159410033809978,"{""Starving"": 0.5806451612903226, ""Very Hungry"": 0.3548387096774194, ""Neutral"": 0.06451612903225806, ""Full"": 0.0, ""Very Full"": 0.0}"
symmetric,0.6,12,0.3333333333333333,0.850264000409514,2.9655172413793105,0.5,0.022222222222222223,0.17777777777777778,0.5555555555555556,-1.0555555555555556,0.6551070773082739,"{""Starving"": 0.5333333333333333, ""Very Hungry"": 0.43333333333333335, ""Neutral"": 0.03333333333333333, ""Full"": 0.0, ""Very Full"": 0.0}"
symmetric,0.6,13,0.32222222222222224,0.6388765649999399,3.142857142857143,0.896551724137931,0.05555555555555555,0.044444444444444446,0.6111111111111112,-0.9277777777777778,0.6676122337168414,"{""Starving"": 0.1724137931034483, ""Very Hungry"": 0.7586206896551724, ""Neutral"": 0.06896551724137931, ""Full"": 0.0, ""Very Full"": 0.0}"
symmetric,0.6,14,0.32222222222222224,0.8999716548824395,3.107142857142857,0.8620689655172413,0.06666666666666667,0.1,0.5555555555555556,-1.0611111111111111,0.6431167098611061,"{""Starving"": 0.3103448275862069, ""Very Hungry"": 0.5517241379310345, ""Neutral"": 0.10344827586206896, ""Full"": 0.034482758620689655, ""Very Full"": 0.0}"
symmetric,0.6,15,0.3333333333333333,0.9801841657621996,2.9310344827586206,0.8333333333333334,0.06666666666666667,0.1111111111111111,0.5777777777777777,-1.0222222222222221,0.6452836064674132,"{""Starving"": 0.3, ""Very Hungry"": 0.5666666666666667, ""Neutral"": 0.13333333333333333, ""Full"": 0.0, ""Very Full"": 0.0}"
symmetric,0.6,16,0.3333333333333333,0.8304547985373997,3.0,0.6,0.03333333333333333,0.16666666666666666,0.5555555555555556,-1.0222222222222221,0.6464311660544411,"{""Starving"": 0.4666666666666667, ""Very Hungry"": 0.4666666666666667, ""Neutral"": 0.06666666666666667, ""Full"": 0.0, ""Very Full"": 0.0}"
symmetric,0.6,17,0.3,1.2113858267710478,3.3846153846153846,0.9259259259259259,0.1,0.07777777777777778,0.5888888888888889,-0.9833333333333333,0.683113057276003,"{""Starving"": 0.25925925925925924, ""Very Hungry"": 0.5555555555555556, ""Neutral"": 0.18518518518518517, ""Full"": 0.0, ""Very Full"": 0.0}"
symmetric,0.6,18,0.3333333333333333,1.1141720290623112,3.0,0.6666666666666666,0.03333333333333333,0.12222222222222222,0.5111111111111111,-1.011111111111111,0.6480433751247697,"{""Starving"": 0.36666666666666664, ""Very Hungry"": 0.6, ""Neutral"": 0.03333333333333333, ""Full"": 0.0, ""Very Full"": 0.0}"
symmetric,0.6,19,0.32222222222222224,0.7783748113465488,3.0357142857142856,0.8620689655172413,0.07777777777777778,0.1,0.5888888888888889,-0.9944444444444445,0.6565381545583359,"{""Starving"": 0.3103448275862069, ""Very Hungry"": 0.5172413793103449, ""Neutral"": 0.1724137931034483, ""Full"": 0.0, ""Very Full"": 0.0}"
symmetric,0.6,20,0.3333333333333333,0.8275862068965516,3.0689655172413794,0.9,0.044444444444444446,0.06666666666666667,0.6111111111111112,-0.9666666666666667,0.6508546195232192,"{""Starving"": 0.23333333333333334, ""Very Hungry"": 0.6333333333333333, ""Neutral"": 0.13333333333333333, ""Full"": 0.0, ""Very Full"": 0.0}"
symmetric,0.6,21,0.36666666666666664,0.9682458365518543,2.75,0.5454545454545454,0.044444444444444446,0.18888888888888888,0.4777777777777778,-1.15,0.6439639084560504,"{""Starving"": 0.5151515151515151, ""Very Hungry"": 0.42424242424242425, ""Neutral"": 0.06060606060606061, ""Full"": 0.0, ""Very Full"": 0.0}"
symmetric,0.6,22,0.34444444444444444,0.7781745019952502,2.8333333333333335,0.41935483870967744,0.011111111111111112,0.2111111111111111,0.5111111111111111,-1.0611111111111111,0.6402899462741434,"{""Starving"": 0.5806451612903226, ""Very Hungry"": 0.41935483870967744, ""Neutral"": 0.0, ""Full"": 0.0, ""Very Full"": 0.0}"
symmetric,0.6,23,0.3333333333333333,0.8086923723833499,2.9655172413793105,0.7,0.08888888888888889,0.14444444444444443,0.5111111111111111,-1.0666666666666667,0.6512739826320272,"{""Starving"": 0.4, ""Very Hungry"": 0.5, ""Neutral"": 0.1, ""Full"": 0.0, ""Very Full"": 0.0}"
symmetric,0.6,24,0.3333333333333333,0.8086923723833499,3.0344827586206895,0.8333333333333334,0.07777777777777778,0.1,0.5444444444444444,-1.0555555555555556,0.6522749573119232,"{""Starving"": 0.3, ""Very Hungry"": 0.5666666666666667, ""Neutral"": 0.13333333333333333, ""Full"": 0.0, ""Very Full"": 0.0}"
symmetric,0.6,25,0.3111111111111111,0.9558139185602919,3.111111111111111,0.7857142857142857,0.044444444444444446,0.07777777777777778,0.5666666666666667,-0.9555555555555556,0.6462778240442261,"{""Starving"": 0.25, ""Very Hungry"": 0.7142857142857143, ""Neutral"": 0.03571428571428571, ""Full"": 0.0, ""Very Full"": 0.0}"
symmetric,0.6,26,0.32222222222222224,1.099628879881475,3.0714285714285716,0.5172413793103449,0.022222222222222223,0.16666666666666666,0.5333333333333333,-0.9944444444444445,0.659083347051308,"{""Starving"": 0.5172413793103449, ""Very Hungry"": 0.4482758620689655, ""Neutral"": 0.034482758620689655, ""Full"": 0.0, ""Very Full"": 0.0}"
symmetric,0.6,27,0.3,0.7348066605593385,3.1923076923076925,1.0,0.044444444444444446,0.044444444444444446,0.6444444444444445,-0.8944444444444445,0.6611049697749298,"{""Starving"": 0.14814814814814814, ""Very Hungry"": 0.7037037037037037, ""Neutral"": 0.14814814814814814, ""Full"": 0.0, ""Very Full"": 0.0}"
symmetric,0.6,28,0.3333333333333333,0.9994052928406509,2.9655172413793105,0.6333333333333333,0.044444444444444446,0.15555555555555556,0.5444444444444444,-1.0666666666666667,0.6046572006167044,"{""Starving"": 0.4666666666666667, ""Very Hungry"": 0.4666666666666667, ""Neutral"": 0.03333333333333333, ""Full"": 0.03333333333333333, ""Very Full"": 0.0}"
symmetric,0.6,29,0.3,1.101370851021258,3.3076923076923075,0.7777777777777778,0.06666666666666667,0.1,0.5666666666666667,-1.038888888888889,0.6544233963138996,"{""Starving"": 0.2962962962962963, ""Very Hungry"": 0.6296296296296297, ""Neutral"": 0.07407407407407407, ""Full"": 0.0, ""Very Full"": 0.0}"
symmetric,0.45,0,0.3,1.1073984652990745,3.3461538461538463,0.9259259259259259,0.1111111111111111,0.05555555555555555,0.5444444444444444,-0.9833333333333333,0.7221007309071645,"{""Starving"": 0.18518518518518517, ""Very Hungry"": 0.7037037037037037, ""Neutral"": 0.1111111111111111, ""Full"": 0.0, ""Very Full"": 0.0}"
symmetric,0.45,1,0.32222222222222224,0.8835226340609272,3.0714285714285716,0.6551724137931034,0.05555555555555555,0.15555555555555556,0.5444444444444444,-1.0277777777777777,0.7243589074859318,"{""Starving"": 0.4482758620689655, ""Very Hungry"": 0.4482758620689655, ""Neutral"": 0.10344827586206896, ""Full"": 0.0, ""Very Full"": 0.0}"
symmetric,0.45,2,0.3333333333333333,0.7427813527082074,3.0,0.7333333333333333,0.044444444444444446,0.1111111111111111,0.5222222222222223,-1.0444444444444445,0.75871936019906,"{""Starving"": 0.3, ""Very Hungry"": 0.6666666666666666, ""Neutral"": 0.03333333333333333, ""Full"": 0.0, ""Very Full"": 0.0}"
symmetric,0.45,3,0.3333333333333333,0.8502640004095141,2.9655172413793105,0.8333333333333334,0.05555555555555555,0.07777777777777778,0.5555555555555556,-0.9888888888888889,0.723318761022328,"{""Starving"": 0.23333333333333334, ""Very Hungry"": 0.7, ""Neutral"": 0.06666666666666667, ""Full"": 0.0, ""Very Full"": 0.0}"
symmetric,0.45,4,0.3111111111111111,0.9938079899999065,3.2222222222222223,0.75,0.06666666666666667,0.08888888888888889,0.5666666666666667,-1.0,0.7232511974419789,"{""Starving"": 0.2857142857142857, ""Very Hungry"": 0.6785714285714286, ""Neutral"": 0.03571428571428571, ""Full"": 0.0, ""Very Full"": 0.0}"
symmetric,0.45,5,0.32222222222222224,1.1866605518454392,3.142857142857143,0.7241379310344828,0.08888888888888889,0.12222222222222222,0.5666666666666667,-1.038888888888889,0.7468266982666995,"{""Starving"": 0.3793103448275862, ""Very Hungry"": 0.5172413793103449, ""Neutral"": 0.10344827586206896, ""Full"": 0.0, ""Very Full"": 0.0}"
symmetric,0.45,6,0.3111111111111111,1.1874977438430665,3.185185185185185,0.6428571428571429,0.044444444444444446,0.16666666666666666,0.5333333333333333,-1.0222222222222221,0.7124835035408921,"{""Starving"": 0.4642857142857143, ""Very Hungry"": 0.42857142857142855, ""Neutral"": 0.10714285714285714, ""Full"": 0.0, ""Very Full"": 0.0}"
symmetric,0.45,7,0.35555555555555557,1.0601081758164506,2.806451612903226,0.5625,0.03333333333333333,0.16666666666666666,0.5222222222222223,-1.0666666666666667,0.7057962302751072,"{""Starving"": 0.46875, ""Very Hungry"": 0.5, ""Neutral"": 0.03125, ""Full"": 0.0, ""Very Full"": 0.0}"
symmetric,0.45,8,0.32222222222222224,0.8748177652797064,3.142857142857143,0.6896551724137931,0.044444444444444446,0.12222222222222222,0.5555555555555556,-1.0055555555555555,0.7172270624174917,"{""Starving"": 0.3448275862068966, ""Very Hungry"": 0.6206896551724138, ""Neutral"": 0.034482758620689655, ""Full"": 0.0, ""Very Full"": 0.0}"
symmetric,0.45,9,0.34444444444444444,0.7895146188218007,2.9,0.6129032258064516,0.05555555555555555,0.14444444444444443,0.5111111111111111,-1.05,0.7516162146639597,"{""Starving"": 0.41935483870967744, ""Very Hungry"": 0.5483870967741935, ""Neutral"": 0.03225806451612903, ""Full"": 0.0, ""Very Full"": 0.0}"
symmetric,0.45,10,0.3111111111111111,1.0304020550550783,3.2222222222222223,0.6071428571428571,0.06666666666666667,0.15555555555555556,0.5666666666666667,-1.1,0.7299860937726514,"{""Starving"": 0.4642857142857143, ""Very Hungry"": 0.4642857142857143, ""Neutral"": 0.07142857142857142, ""Full"": 0.0, ""Very Full"": 0.0}"
symmetric,0.45,11,0.3111111111111111,0.87488976377909,3.2222222222222223,0.75,0.044444444444444446,0.12222222222222222,0.5555555555555556,-0.9777777777777777,0.7066560896566307,"{""Starving"": 0.35714285714285715, ""Very Hungry"": 0.5357142857142857, ""Neutral"": 0.10714285714285714, ""Full"": 0.0, ""Very Full"": 0.0}"
symmetric,0.45,12,0.32222222222222224,0.6925256939166184,3.142857142857143,0.7241379310344828,0.044444444444444446,0.13333333333333333,0.5777777777777777,-1.0055555555555555,0.764493976143543,"{""Starving"": 0.41379310344827586, ""Very Hungry"": 0.4482758620689655, ""Neutral"": 0.13793103448275862, ""Full"": 0.0, ""Very Full"": 0.0}"
symmetric,0.45,13,0.34444444444444444,0.8844332774281065,2.8666666666666667,0.5483870967741935,0.044444444444444446,0.2,0.5222222222222223,-1.0833333333333333,0.7311349945266582,"{""Starving"": 0.5483870967741935, ""Very Hungry"": 0.3548387096774194, ""Neutral"": 0.0967741935483871, ""Full"": 0.0, ""Very Full"": 0.0}"
symmetric,0.45,14,0.3111111111111111,1.2081115874296362,3.1481481481481484,0.5357142857142857,0.07777777777777778,0.2,0.5111111111111111,-1.0666666666666667,0.6829430166486083,"{""Starving"": 0.6071428571428571, ""Very Hungry"": 0.25, ""Neutral"": 0.14285714285714285, ""Full"": 0.0, ""Very Full"": 0.0}"
symmetric,0.45,15,0.32222222222222224,1.1316413941253471,3.0714285714285716,0.6551724137931034,0.07777777777777778,0.12222222222222222,0.5222222222222223,-1.0277777777777777,0.7397207796450799,"{""Starving"": 0.3793103448275862, ""Very Hungry"": 0.5862068965517241, ""Neutral"": 0.034482758620689655, ""Full"": 0.0, ""Very Full"": 0.0}"
symmetric,0.45,16,0.35555555555555557,0.9645107346920035,2.806451612903226,0.53125,0.03333333333333333,0.17777777777777778,0.5111111111111111,-1.0888888888888888,0.7432076827971433,"{""Starving"": 0.5, ""Very Hungry"": 0.46875, ""Neutral"": 0.03125, ""Full"": 0.0, ""Very Full"": 0.0}"
symmetric,0.45,17,0.3333333333333333,0.850264000409514,3.0344827586206895,0.7333333333333333,0.03333333333333333,0.13333333333333333,0.5555555555555556,-1.0333333333333334,0.7196232804272749,"{""Starving"": 0.36666666666666664, ""Very Hungry"": 0.5333333333333333, ""Neutral"": 0.1, ""Full"": 0.0, ""Very Full"": 0.0}"
symmetric,0.45,18,0.3333333333333333,1.1141720290623112,3.0,0.6,0.07777777777777778,0.14444444444444443,0.4777777777777778,-1.1222222222222222,0.7184667684360426,"{""Starving"": 0.43333333333333335, ""Very Hungry"": 0.5333333333333333, ""Neutral"": 0.03333333333333333, ""Full"": 0.0, ""Very Full"": 0.0}"
symmetric,0.45,19,0.28888888888888886,1.1661903789690602,3.4,1.0,0.1111111111111111,0.06666666666666667,0.5888888888888889,-0.9888888888888889,0.7529026540727056,"{""Starving"": 0.23076923076923078, ""Very Hungry"": 0.5384615384615384, ""Neutral"": 0.23076923076923078, ""Full"": 0.0, ""Very Full"": 0.0}"
symmetric,0.45,20,0.34444444444444444,0.8595864638818418,2.8333333333333335,0.5806451612903226,0.03333333333333333,0.17777777777777778,0.5222222222222223,-1.05,0.7517366757435302,"{""Starving"": 0.5161290322580645, ""Very Hungry"": 0.3870967741935484, ""Neutral"": 0.0967741935483871, ""Full"": 0.0, ""Very Full"": 0.0}"
symmetric,0.45,21,0.3333333333333333,1.0805820424822343,2.9310344827586206,0.8333333333333334,0.08888888888888889,0.1,0.5333333333333333,-1.0333333333333334,0.700411724274545,"{""Starving"": 0.3, ""Very Hungry"": 0.5666666666666667, ""Neutral"": 0.13333333333333333, ""Full"": 0.0, ""Very Full"": 0.0}"
symmetric,0.45,22,0.3333333333333333,0.982607368881035,3.0,0.6666666666666666,0.06666666666666667,0.1,0.5111111111111111,-1.0222222222222221,0.7203779089648901,"{""Starving"": 0.3333333333333333, ""Very Hungry"": 0.6666666666666666, ""Neutral"": 0.0, ""Full"": 0.0, ""Very Full"": 0.0}"
symmetric,0.45,23,0.3333333333333333,0.8709883407113854,3.0,0.8333333333333334,0.06666666666666667,0.07777777777777778,0.5777777777777777,-0.9888888888888889,0.7226138608800581,"{""Starving"": 0.23333333333333334, ""Very Hungry"": 0.7, ""Neutral"": 0.06666666666666667, ""Full"": 0.0, ""Very Full"": 0.0}"
symmetric,0.45,24,0.32222222222222224,1.2263060509563852,3.1785714285714284,0.7586206896551724,0.1,0.13333333333333333,0.5555555555555556,-1.05,0.738730120511228,"{""Starving"": 0.3793103448275862, ""Very Hungry"": 0.4827586206896552, ""Neutral"": 0.13793103448275862, ""Full"": 0.0, ""Very Full"": 0.0}"
symmetric,0.45,25,0.32222222222222224,0.7525466966323384,3.0714285714285716,0.6896551724137931,0.06666666666666667,0.12222222222222222,0.5444444444444444,-1.0277777777777777,0.719909086600396,"{""Starving"": 0.3793103448275862, ""Very Hungry"": 0.5517241379310345, ""Neutral"": 0.06896551724137931, ""Full"": 0.0, ""Very Full"": 0.0}"
symmetric,0.45,26,0.32222222222222224,1.1316413941253471,3.0714285714285716,0.5862068965517241,0.06666666666666667,0.18888888888888888,0.5111111111111111,-1.1055555555555556,0.7131807530325411,"{""Starving"": 0.5517241379310345, ""Very Hungry"": 0.3103448275862069, ""Neutral"": 0.13793103448275862, ""Full"": 0.0, ""Very Full"": 0.0}"
symmetric,0.45,27,0.32222222222222224,0.9056230237932833,3.0357142857142856,0.6551724137931034,0.07777777777777778,0.1111111111111111,0.5222222222222223,-1.038888888888889,0.7017174515824753,"{""Starving"": 0.3448275862068966, ""Very Hungry"": 0.6551724137931034, ""Neutral"": 0.0, ""Full"": 0.0, ""Very Full"": 0.0}"
symmetric,0.45,28,0.3111111111111111,1.2149051456930908,3.074074074074074,0.6785714285714286,0.044444444444444446,0.16666666666666666,0.5111111111111111,-1.1111111111111112,0.7222831960487105,"{""Starving"": 0.42857142857142855, ""Very Hungry"": 0.4642857142857143, ""Neutral"": 0.10714285714285714, ""Full"": 0.0, ""Very Full"": 0.0}"
symmetric,0.45,29,0.3,0.8213137116947162,3.3076923076923075,0.7777777777777778,0.1,0.1111111111111111,0.5555555555555556,-1.0722222222222222,0.7422461190276449,"{""Starving"": 0.3333333333333333, ""Very Hungry"": 0.5555555555555556, ""Neutral"": 0.1111111111111111, ""Full"": 0.0, ""Very Full"": 0.0}"
